0.00000,0.00000,0.00000,0.00000,0.04177,0.12913,-0.61360,
0.00000,0.00001,0.00001,0.00000,0.04178,0.12913,-0.61360,
0.00000,0.00002,0.00002,0.00001,0.04179,0.12914,-0.61357,
0.00000,0.00005,0.00005,0.00003,0.04182,0.12915,-0.61354,
0.00000,0.00010,0.00010,0.00005,0.04185,0.12917,-0.61348,
0.00000,0.00015,0.00015,0.00008,0.04189,0.12919,-0.61342,
0.00000,0.00022,0.00022,0.00011,0.04195,0.12922,-0.61334,
0.00000,0.00030,0.00030,0.00015,0.04201,0.12925,-0.61324,
0.00000,0.00039,0.00039,0.00019,0.04208,0.12929,-0.61313,
0.00000,0.00049,0.00049,0.00025,0.04217,0.12933,-0.61300,
0.00000,0.00061,0.00061,0.00030,0.04226,0.12938,-0.61286,
0.00000,0.00073,0.00073,0.00037,0.04236,0.12944,-0.61271,
0.00000,0.00087,0.00087,0.00044,0.04248,0.12949,-0.61254,
0.00000,0.00102,0.00102,0.00051,0.04260,0.12956,-0.61235,
0.00000,0.00119,0.00119,0.00059,0.04273,0.12963,-0.61215,
0.00000,0.00136,0.00136,0.00068,0.04287,0.12970,-0.61194,
0.00000,0.00155,0.00155,0.00077,0.04302,0.12978,-0.61171,
0.00000,0.00175,0.00175,0.00087,0.04318,0.12986,-0.61146,
0.00000,0.00196,0.00196,0.00098,0.04335,0.12995,-0.61120,
0.00000,0.00219,0.00219,0.00109,0.04353,0.13004,-0.61093,
0.00000,0.00242,0.00242,0.00121,0.04373,0.13014,-0.61064,
0.00000,0.00267,0.00267,0.00133,0.04393,0.13024,-0.61034,
0.00000,0.00293,0.00293,0.00146,0.04414,0.13035,-0.61002,
0.00000,0.00320,0.00320,0.00160,0.04435,0.13047,-0.60969,
0.00000,0.00349,0.00349,0.00174,0.04458,0.13059,-0.60934,
0.00000,0.00378,0.00378,0.00189,0.04482,0.13071,-0.60897,
0.00000,0.00409,0.00409,0.00205,0.04507,0.13084,-0.60860,
0.00000,0.00441,0.00441,0.00221,0.04533,0.13097,-0.60821,
0.00000,0.00474,0.00474,0.00237,0.04560,0.13111,-0.60780,
0.00000,0.00509,0.00509,0.00254,0.04588,0.13125,-0.60738,
0.00000,0.00544,0.00544,0.00272,0.04616,0.13140,-0.60694,
0.00000,0.00581,0.00581,0.00291,0.04646,0.13156,-0.60649,
0.00000,0.00619,0.00619,0.00310,0.04677,0.13172,-0.60602,
0.00000,0.00659,0.00659,0.00329,0.04708,0.13188,-0.60554,
0.00000,0.00699,0.00699,0.00350,0.04741,0.13205,-0.60505,
0.00000,0.00741,0.00741,0.00370,0.04775,0.13222,-0.60454,
0.00000,0.00784,0.00784,0.00392,0.04809,0.13240,-0.60401,
0.00000,0.00828,0.00828,0.00414,0.04845,0.13259,-0.60347,
0.00000,0.00873,0.00873,0.00436,0.04881,0.13278,-0.60292,
0.00000,0.00919,0.00919,0.00460,0.04919,0.13297,-0.60235,
0.00000,0.00967,0.00967,0.00483,0.04957,0.13317,-0.60177,
0.00000,0.01016,0.01016,0.00508,0.04997,0.13337,-0.60117,
0.00000,0.01066,0.01066,0.00533,0.05037,0.13358,-0.60056,
0.00000,0.01117,0.01117,0.00559,0.05078,0.13380,-0.59993,
0.00000,0.01170,0.01170,0.00585,0.05121,0.13402,-0.59929,
0.00000,0.01223,0.01223,0.00612,0.05164,0.13424,-0.59863,
0.00000,0.01278,0.01278,0.00639,0.05208,0.13447,-0.59796,
0.00000,0.01334,0.01334,0.00667,0.05253,0.13470,-0.59728,
0.00000,0.01391,0.01391,0.00696,0.05299,0.13494,-0.59658,
0.00000,0.01450,0.01450,0.00725,0.05347,0.13519,-0.59586,
0.00000,0.01509,0.01509,0.00755,0.05395,0.13543,-0.59513,
0.00000,0.01570,0.01570,0.00785,0.05444,0.13569,-0.59439,
0.00000,0.01632,0.01632,0.00816,0.05494,0.13595,-0.59363,
0.00000,0.01695,0.01695,0.00847,0.05545,0.13621,-0.59286,
0.00000,0.01759,0.01759,0.00880,0.05596,0.13648,-0.59207,
0.00000,0.01825,0.01825,0.00912,0.05649,0.13675,-0.59127,
0.00000,0.01891,0.01891,0.00946,0.05703,0.13703,-0.59045,
0.00000,0.01959,0.01959,0.00980,0.05758,0.13732,-0.58962,
0.00000,0.02028,0.02028,0.01014,0.05814,0.13760,-0.58878,
0.00000,0.02099,0.02099,0.01049,0.05870,0.13790,-0.58792,
0.00000,0.02170,0.02170,0.01085,0.05928,0.13820,-0.58704,
0.00000,0.02243,0.02243,0.01121,0.05986,0.13850,-0.58615,
0.00000,0.02316,0.02316,0.01158,0.06046,0.13881,-0.58525,
0.00000,0.02391,0.02391,0.01196,0.06106,0.13912,-0.58433,
0.00000,0.02467,0.02467,0.01234,0.06168,0.13944,-0.58340,
0.00000,0.02545,0.02545,0.01272,0.06230,0.13976,-0.58246,
0.00000,0.02623,0.02623,0.01312,0.06293,0.14009,-0.58150,
0.00000,0.02703,0.02703,0.01351,0.06358,0.14042,-0.58052,
0.00000,0.02784,0.02784,0.01392,0.06423,0.14076,-0.57953,
0.00000,0.02866,0.02866,0.01433,0.06489,0.14110,-0.57853,
0.00000,0.02949,0.02949,0.01474,0.06556,0.14145,-0.57751,
0.00000,0.03033,0.03033,0.01517,0.06624,0.14180,-0.57648,
0.00000,0.03119,0.03119,0.01559,0.06693,0.14216,-0.57543,
0.00000,0.03205,0.03205,0.01603,0.06763,0.14252,-0.57437,
0.00000,0.03293,0.03293,0.01646,0.06834,0.14289,-0.57330,
0.00000,0.03382,0.03382,0.01691,0.06906,0.14326,-0.57221,
0.00000,0.03472,0.03472,0.01736,0.06978,0.14364,-0.57111,
0.00000,0.03563,0.03563,0.01782,0.07052,0.14402,-0.56999,
0.00000,0.03656,0.03656,0.01828,0.07126,0.14440,-0.56886,
0.00000,0.03749,0.03749,0.01875,0.07202,0.14479,-0.56771,
0.00000,0.03844,0.03844,0.01922,0.07278,0.14519,-0.56655,
0.00000,0.03940,0.03940,0.01970,0.07356,0.14559,-0.56538,
0.00000,0.04037,0.04037,0.02018,0.07434,0.14600,-0.56419,
0.00000,0.04135,0.04135,0.02068,0.07513,0.14641,-0.56299,
0.00000,0.04234,0.04234,0.02117,0.07593,0.14682,-0.56178,
0.00000,0.04335,0.04335,0.02167,0.07674,0.14724,-0.56055,
0.00000,0.04437,0.04437,0.02218,0.07756,0.14767,-0.55930,
0.00000,0.04539,0.04539,0.02270,0.07839,0.14809,-0.55804,
0.00000,0.04643,0.04643,0.02322,0.07923,0.14853,-0.55677,
0.00000,0.04748,0.04748,0.02374,0.08008,0.14897,-0.55549,
0.00000,0.04854,0.04854,0.02427,0.08093,0.14941,-0.55419,
0.00000,0.04962,0.04962,0.02481,0.08180,0.14986,-0.55287,
0.00000,0.05070,0.05070,0.02535,0.08268,0.15031,-0.55155,
0.00000,0.05180,0.05180,0.02590,0.08356,0.15077,-0.55020,
0.00000,0.05291,0.05291,0.02645,0.08445,0.15123,-0.54885,
0.00000,0.05402,0.05402,0.02701,0.08535,0.15170,-0.54748,
0.00000,0.05515,0.05515,0.02758,0.08627,0.15217,-0.54610,
0.00000,0.05629,0.05629,0.02815,0.08719,0.15265,-0.54470,
0.00000,0.05745,0.05745,0.02872,0.08812,0.15313,-0.54329,
0.00000,0.05861,0.05861,0.02931,0.08906,0.15362,-0.54187,
0.00000,0.05978,0.05978,0.02989,0.09000,0.15411,-0.54043,
0.00000,0.06097,0.06097,0.03049,0.09096,0.15460,-0.53898,
0.00000,0.06217,0.06217,0.03108,0.09193,0.15510,-0.53751,
0.00000,0.06338,0.06338,0.03169,0.09290,0.15561,-0.53603,
0.00000,0.06460,0.06460,0.03230,0.09388,0.15612,-0.53454,
0.00000,0.06583,0.06583,0.03291,0.09488,0.15663,-0.53304,
0.00000,0.06707,0.06707,0.03353,0.09588,0.15715,-0.53152,
0.00000,0.06832,0.06832,0.03416,0.09689,0.15767,-0.52998,
0.00000,0.06958,0.06958,0.03479,0.09791,0.15820,-0.52844,
0.00000,0.07086,0.07086,0.03543,0.09894,0.15873,-0.52688,
0.00000,0.07214,0.07214,0.03607,0.09997,0.15927,-0.52530,
0.00000,0.07344,0.07344,0.03672,0.10102,0.15981,-0.52371,
0.00000,0.07475,0.07475,0.03737,0.10207,0.16036,-0.52211,
0.00000,0.07607,0.07607,0.03803,0.10314,0.16091,-0.52050,
0.00000,0.07740,0.07740,0.03870,0.10421,0.16147,-0.51887,
0.00000,0.07874,0.07874,0.03937,0.10529,0.16203,-0.51723,
0.00000,0.08009,0.08009,0.04004,0.10638,0.16259,-0.51558,
0.00000,0.08145,0.08145,0.04073,0.10748,0.16316,-0.51391,
0.00000,0.08282,0.08282,0.04141,0.10859,0.16373,-0.51223,
0.00000,0.08421,0.08421,0.04210,0.10971,0.16431,-0.51054,
0.00000,0.08560,0.08560,0.04280,0.11083,0.16489,-0.50883,
0.00000,0.08701,0.08701,0.04350,0.11197,0.16548,-0.50711,
0.00000,0.08843,0.08843,0.04421,0.11311,0.16607,-0.50537,
0.00000,0.08985,0.08985,0.04493,0.11426,0.16667,-0.50363,
0.00000,0.09129,0.09129,0.04565,0.11542,0.16727,-0.50187,
0.00000,0.09274,0.09274,0.04637,0.11659,0.16788,-0.50009,
0.00000,0.09420,0.09420,0.04710,0.11777,0.16848,-0.49831,
0.00000,0.09567,0.09567,0.04783,0.11895,0.16910,-0.49651,
0.00000,0.09715,0.09715,0.04857,0.12015,0.16972,-0.49470,
0.00000,0.09864,0.09864,0.04932,0.12135,0.17034,-0.49287,
0.00000,0.10014,0.10014,0.05007,0.12256,0.17097,-0.49103,
0.00000,0.10165,0.10165,0.05083,0.12378,0.17160,-0.48918,
0.00000,0.10318,0.10318,0.05159,0.12501,0.17224,-0.48732,
0.00000,0.10471,0.10471,0.05235,0.12625,0.17288,-0.48544,
0.00000,0.10625,0.10625,0.05313,0.12749,0.17352,-0.48355,
0.00000,0.10781,0.10781,0.05390,0.12875,0.17417,-0.48165,
0.00000,0.10937,0.10937,0.05469,0.13001,0.17482,-0.47973,
0.00000,0.11095,0.11095,0.05547,0.13128,0.17548,-0.47781,
0.00000,0.11253,0.11253,0.05627,0.13256,0.17615,-0.47587,
0.00000,0.11413,0.11413,0.05706,0.13385,0.17681,-0.47391,
0.00000,0.11574,0.11574,0.05787,0.13514,0.17748,-0.47195,
0.00000,0.11735,0.11735,0.05868,0.13645,0.17816,-0.46997,
0.00000,0.11898,0.11898,0.05949,0.13776,0.17884,-0.46798,
0.00000,0.12062,0.12062,0.06031,0.13908,0.17952,-0.46597,
0.00000,0.12226,0.12226,0.06113,0.14041,0.18021,-0.46396,
0.00000,0.12392,0.12392,0.06196,0.14175,0.18090,-0.46193,
0.00000,0.12559,0.12559,0.06280,0.14309,0.18160,-0.45989,
0.00000,0.12727,0.12727,0.06363,0.14444,0.18230,-0.45783,
0.00000,0.12896,0.12896,0.06448,0.14581,0.18301,-0.45577,
0.00000,0.13065,0.13065,0.06533,0.14718,0.18372,-0.45369,
0.00000,0.13236,0.13236,0.06618,0.14855,0.18443,-0.45160,
0.00000,0.13408,0.13408,0.06704,0.14994,0.18515,-0.44949,
0.00000,0.13581,0.13581,0.06791,0.15134,0.18587,-0.44738,
0.00000,0.13755,0.13755,0.06877,0.15274,0.18660,-0.44525,
0.00000,0.13930,0.13930,0.06965,0.15415,0.18733,-0.44311,
0.00000,0.14106,0.14106,0.07053,0.15557,0.18806,-0.44096,
0.00000,0.14282,0.14282,0.07141,0.15699,0.18880,-0.43879,
0.00000,0.14460,0.14460,0.07230,0.15843,0.18954,-0.43661,
0.00000,0.14639,0.14639,0.07320,0.15987,0.19029,-0.43443,
0.00000,0.14819,0.14819,0.07409,0.16132,0.19104,-0.43222,
0.00000,0.15000,0.15000,0.07500,0.16278,0.19180,-0.43001,
0.00000,0.15182,0.15182,0.07591,0.16425,0.19256,-0.42779,
0.00000,0.15364,0.15364,0.07682,0.16572,0.19332,-0.42555,
0.00000,0.15548,0.15548,0.07774,0.16720,0.19409,-0.42330,
0.00000,0.15733,0.15733,0.07866,0.16869,0.19486,-0.42104,
0.00000,0.15918,0.15918,0.07959,0.17019,0.19564,-0.41877,
0.00000,0.16105,0.16105,0.08053,0.17170,0.19642,-0.41648,
0.00000,0.16293,0.16293,0.08146,0.17321,0.19720,-0.41419,
0.00000,0.16481,0.16481,0.08241,0.17473,0.19799,-0.41188,
0.00000,0.16671,0.16671,0.08335,0.17626,0.19878,-0.40956,
0.00000,0.16861,0.16861,0.08431,0.17780,0.19957,-0.40723,
0.00000,0.17053,0.17053,0.08526,0.17934,0.20037,-0.40489,
0.00000,0.17245,0.17245,0.08622,0.18089,0.20118,-0.40253,
0.00000,0.17438,0.17438,0.08719,0.18245,0.20199,-0.40017,
0.00000,0.17633,0.17633,0.08816,0.18402,0.20280,-0.39779,
0.00000,0.17828,0.17828,0.08914,0.18560,0.20361,-0.39540,
0.00000,0.18024,0.18024,0.09012,0.18718,0.20443,-0.39300,
0.00000,0.18221,0.18221,0.09110,0.18877,0.20526,-0.39059,
0.00000,0.18419,0.18419,0.09209,0.19036,0.20608,-0.38816,
0.00000,0.18618,0.18618,0.09309,0.19197,0.20691,-0.38573,
0.00000,0.18818,0.18818,0.09409,0.19358,0.20775,-0.38328,
0.00000,0.19018,0.19018,0.09509,0.19520,0.20859,-0.38082,
0.00000,0.19220,0.19220,0.09610,0.19683,0.20943,-0.37836,
0.00000,0.19423,0.19423,0.09711,0.19846,0.21028,-0.37588,
0.00000,0.19626,0.19626,0.09813,0.20010,0.21113,-0.37339,
0.00000,0.19831,0.19831,0.09915,0.20175,0.21198,-0.37088,
0.00000,0.20036,0.20036,0.10018,0.20341,0.21284,-0.36837,
0.00000,0.20242,0.20242,0.10121,0.20507,0.21370,-0.36585,
0.00000,0.20449,0.20449,0.10225,0.20674,0.21457,-0.36331,
0.00000,0.20657,0.20657,0.10329,0.20842,0.21543,-0.36076,
0.00000,0.20866,0.20866,0.10433,0.21011,0.21631,-0.35821,
0.00000,0.21076,0.21076,0.10538,0.21180,0.21718,-0.35564,
0.00000,0.21287,0.21287,0.10643,0.21350,0.21806,-0.35306,
0.00000,0.21498,0.21498,0.10749,0.21521,0.21895,-0.35047,
0.00000,0.21711,0.21711,0.10855,0.21692,0.21984,-0.34787,
0.00000,0.21924,0.21924,0.10962,0.21864,0.22073,-0.34526,
0.00000,0.22138,0.22138,0.11069,0.22037,0.22162,-0.34264,
0.00000,0.22353,0.22353,0.11177,0.22211,0.22252,-0.34001,
0.00000,0.22569,0.22569,0.11285,0.22385,0.22342,-0.33736,
0.00000,0.22786,0.22786,0.11393,0.22560,0.22433,-0.33471,
0.00000,0.23004,0.23004,0.11502,0.22735,0.22524,-0.33205,
0.00000,0.23222,0.23222,0.11611,0.22912,0.22615,-0.32937,
0.00000,0.23442,0.23442,0.11721,0.23089,0.22707,-0.32669,
0.00000,0.23662,0.23662,0.11831,0.23266,0.22799,-0.32399,
0.00000,0.23883,0.23883,0.11941,0.23445,0.22891,-0.32128,
0.00000,0.24105,0.24105,0.12052,0.23624,0.22984,-0.31857,
0.00000,0.24328,0.24328,0.12164,0.23803,0.23077,-0.31584,
0.00000,0.24551,0.24551,0.12276,0.23984,0.23170,-0.31311,
0.00000,0.24776,0.24776,0.12388,0.24165,0.23264,-0.31036,
0.00000,0.25001,0.25001,0.12500,0.24346,0.23358,-0.30760,
0.00000,0.25227,0.25227,0.12613,0.24529,0.23453,-0.30483,
0.00000,0.25454,0.25454,0.12727,0.24712,0.23547,-0.30206,
0.00000,0.25682,0.25682,0.12841,0.24896,0.23643,-0.29927,
0.00000,0.25910,0.25910,0.12955,0.25080,0.23738,-0.29647,
0.00000,0.26139,0.26139,0.13070,0.25265,0.23834,-0.29367,
0.00000,0.26370,0.26370,0.13185,0.25451,0.23930,-0.29085,
0.00000,0.26601,0.26601,0.13300,0.25637,0.24026,-0.28802,
0.00000,0.26832,0.26832,0.13416,0.25824,0.24123,-0.28519,
0.00000,0.27065,0.27065,0.13532,0.26011,0.24220,-0.28234,
0.00000,0.27298,0.27298,0.13649,0.26200,0.24318,-0.27948,
0.00000,0.27532,0.27532,0.13766,0.26389,0.24416,-0.27662,
0.00000,0.27767,0.27767,0.13884,0.26578,0.24514,-0.27374,
0.00000,0.28003,0.28003,0.14001,0.26768,0.24612,-0.27086,
0.00000,0.28239,0.28239,0.14120,0.26959,0.24711,-0.26796,
0.00000,0.28477,0.28477,0.14238,0.27150,0.24810,-0.26506,
0.00000,0.28715,0.28715,0.14357,0.27342,0.24910,-0.26215,
0.00000,0.28953,0.28953,0.14477,0.27535,0.25010,-0.25922,
0.00000,0.29193,0.29193,0.14597,0.27728,0.25110,-0.25629,
0.00000,0.29433,0.29433,0.14717,0.27922,0.25210,-0.25335,
0.00000,0.29674,0.29674,0.14837,0.28117,0.25311,-0.25040,
0.00000,0.29916,0.29916,0.14958,0.28312,0.25412,-0.24744,
0.00000,0.30159,0.30159,0.15079,0.28508,0.25513,-0.24447,
0.00000,0.30402,0.30402,0.15201,0.28704,0.25615,-0.24149,
0.00000,0.30646,0.30646,0.15323,0.28901,0.25717,-0.23850,
0.00000,0.30891,0.30891,0.15446,0.29098,0.25819,-0.23551,
0.00000,0.31137,0.31137,0.15568,0.29296,0.25922,-0.23250,
0.00000,0.31383,0.31383,0.15691,0.29495,0.26025,-0.22949,
0.00000,0.31630,0.31630,0.15815,0.29694,0.26128,-0.22646,
0.00000,0.31878,0.31878,0.15939,0.29894,0.26231,-0.22343,
0.00000,0.32126,0.32126,0.16063,0.30095,0.26335,-0.22039,
0.00000,0.32375,0.32375,0.16188,0.30296,0.26439,-0.21734,
0.00000,0.32625,0.32625,0.16313,0.30497,0.26544,-0.21428,
0.00000,0.32876,0.32876,0.16438,0.30699,0.26648,-0.21122,
0.00000,0.33127,0.33127,0.16564,0.30902,0.26753,-0.20814,
0.00000,0.33379,0.33379,0.16690,0.31105,0.26858,-0.20506,
0.00000,0.33632,0.33632,0.16816,0.31309,0.26964,-0.20196,
0.00000,0.33885,0.33885,0.16943,0.31514,0.27070,-0.19886,
0.00000,0.34139,0.34139,0.17070,0.31719,0.27176,-0.19575,
0.00000,0.34394,0.34394,0.17197,0.31924,0.27282,-0.19263,
0.00000,0.34649,0.34649,0.17325,0.32130,0.27389,-0.18951,
0.00000,0.34905,0.34905,0.17453,0.32337,0.27496,-0.18637,
0.00000,0.35162,0.35162,0.17581,0.32544,0.27603,-0.18323,
0.00000,0.35420,0.35420,0.17710,0.32752,0.27711,-0.18008,
0.00000,0.35678,0.35678,0.17839,0.32960,0.27819,-0.17692,
0.00000,0.35937,0.35937,0.17968,0.33169,0.27927,-0.17375,
0.00000,0.36196,0.36196,0.18098,0.33378,0.28035,-0.17058,
0.00000,0.36456,0.36456,0.18228,0.33588,0.28144,-0.16739,
0.00000,0.36717,0.36717,0.18358,0.33798,0.28253,-0.16420,
0.00000,0.36978,0.36978,0.18489,0.34009,0.28362,-0.16100,
0.00000,0.37240,0.37240,0.18620,0.34220,0.28472,-0.15780,
0.00000,0.37503,0.37503,0.18751,0.34432,0.28581,-0.15458,
0.00000,0.37766,0.37766,0.18883,0.34645,0.28691,-0.15136,
0.00000,0.38030,0.38030,0.19015,0.34858,0.28802,-0.14813,
0.00000,0.38295,0.38295,0.19147,0.35071,0.28912,-0.14489,
0.00000,0.38560,0.38560,0.19280,0.35285,0.29023,-0.14164,
0.00000,0.38826,0.38826,0.19413,0.35499,0.29134,-0.13839,
0.00000,0.39092,0.39092,0.19546,0.35714,0.29245,-0.13513,
0.00000,0.39359,0.39359,0.19679,0.35930,0.29357,-0.13186,
0.00000,0.39627,0.39627,0.19813,0.36146,0.29469,-0.12859,
0.00000,0.39895,0.39895,0.19947,0.36362,0.29581,-0.12531,
0.00000,0.40164,0.40164,0.20082,0.36579,0.29693,-0.12202,
0.00000,0.40433,0.40433,0.20216,0.36796,0.29806,-0.11872,
0.00000,0.40703,0.40703,0.20351,0.37014,0.29918,-0.11541,
0.00000,0.40974,0.40974,0.20487,0.37232,0.30031,-0.11210,
0.00000,0.41245,0.41245,0.20622,0.37451,0.30145,-0.10878,
0.00000,0.41516,0.41516,0.20758,0.37670,0.30258,-0.10546,
0.00000,0.41789,0.41789,0.20894,0.37890,0.30372,-0.10212,
0.00000,0.42062,0.42062,0.21031,0.38110,0.30486,-0.09878,
0.00000,0.42335,0.42335,0.21167,0.38331,0.30600,-0.09544,
0.00000,0.42609,0.42609,0.21304,0.38552,0.30715,-0.09208,
0.00000,0.42883,0.42883,0.21442,0.38773,0.30829,-0.08872,
0.00000,0.43159,0.43159,0.21579,0.38995,0.30944,-0.08536,
0.00000,0.43434,0.43434,0.21717,0.39217,0.31059,-0.08198,
0.00000,0.43710,0.43710,0.21855,0.39440,0.31175,-0.07860,
0.00000,0.43987,0.43987,0.21994,0.39663,0.31290,-0.07522,
0.00000,0.44264,0.44264,0.22132,0.39887,0.31406,-0.07182,
0.00000,0.44542,0.44542,0.22271,0.40111,0.31522,-0.06842,
0.00000,0.44820,0.44820,0.22410,0.40336,0.31639,-0.06502,
0.00000,0.45099,0.45099,0.22550,0.40561,0.31755,-0.06161,
0.00000,0.45379,0.45379,0.22689,0.40786,0.31872,-0.05819,
0.00000,0.45658,0.45658,0.22829,0.41012,0.31989,-0.05476,
0.00000,0.45939,0.45939,0.22969,0.41238,0.32106,-0.05133,
0.00000,0.46220,0.46220,0.23110,0.41464,0.32223,-0.04789,
0.00000,0.46501,0.46501,0.23250,0.41691,0.32341,-0.04445,
0.00000,0.46783,0.46783,0.23391,0.41919,0.32458,-0.04100,
0.00000,0.47065,0.47065,0.23533,0.42146,0.32576,-0.03754,
0.00000,0.47348,0.47348,0.23674,0.42375,0.32695,-0.03408,
0.00000,0.47631,0.47631,0.23816,0.42603,0.32813,-0.03061,
0.00000,0.47915,0.47915,0.23957,0.42832,0.32932,-0.02714,
0.00000,0.48199,0.48199,0.24100,0.43061,0.33050,-0.02366,
0.00000,0.48484,0.48484,0.24242,0.43291,0.33169,-0.02018,
0.00000,0.48769,0.48769,0.24385,0.43521,0.33288,-0.01669,
0.00000,0.49055,0.49055,0.24527,0.43752,0.33408,-0.01319,
0.00000,0.49341,0.49341,0.24670,0.43982,0.33527,-0.00969,
0.00000,0.49627,0.49627,0.24814,0.44214,0.33647,-0.00618,
0.00000,0.49914,0.49914,0.24957,0.44445,0.33767,-0.00267,
0.00000,0.50202,0.50202,0.25101,0.44677,0.33887,0.00085,
0.00000,0.50490,0.50490,0.25245,0.44909,0.34007,0.00437,
0.00000,0.50778,0.50778,0.25389,0.45142,0.34128,0.00790,
0.00000,0.51067,0.51067,0.25533,0.45375,0.34248,0.01144,
0.00000,0.51356,0.51356,0.25678,0.45608,0.34369,0.01497,
0.00000,0.51645,0.51645,0.25823,0.45842,0.34490,0.01852,
0.00000,0.51935,0.51935,0.25968,0.46076,0.34611,0.02207,
0.00000,0.52226,0.52226,0.26113,0.46310,0.34733,0.02562,
0.00000,0.52517,0.52517,0.26258,0.46544,0.34854,0.02918,
0.00000,0.52808,0.52808,0.26404,0.46779,0.34976,0.03275,
0.00000,0.53099,0.53099,0.26550,0.47015,0.35098,0.03631,
0.00000,0.53391,0.53391,0.26696,0.47250,0.35220,0.03989,
0.00000,0.53684,0.53684,0.26842,0.47486,0.35342,0.04347,
0.00000,0.53977,0.53977,0.26988,0.47722,0.35464,0.04705,
0.00000,0.54270,0.54270,0.27135,0.47959,0.35586,0.05064,
0.00000,0.54563,0.54563,0.27282,0.48196,0.35709,0.05423,
0.00000,0.54857,0.54857,0.27429,0.48433,0.35832,0.05783,
0.00000,0.55151,0.55151,0.27576,0.48670,0.35955,0.06143,
0.00000,0.55446,0.55446,0.27723,0.48908,0.36078,0.06504,
0.00000,0.55741,0.55741,0.27870,0.49146,0.36201,0.06865,
0.00000,0.56036,0.56036,0.28018,0.49384,0.36325,0.07226,
0.00000,0.56332,0.56332,0.28166,0.49622,0.36448,0.07588,
0.00000,0.56628,0.56628,0.28314,0.49861,0.36572,0.07950,
0.00000,0.56924,0.56924,0.28462,0.50100,0.36696,0.08313,
0.00000,0.57221,0.57221,0.28610,0.50340,0.36819,0.08676,
0.00000,0.57518,0.57518,0.28759,0.50579,0.36944,0.09040,
0.00000,0.57815,0.57815,0.28908,0.50819,0.37068,0.09404,
0.00000,0.58113,0.58113,0.29056,0.51059,0.37192,0.09768,
0.00000,0.58411,0.58411,0.29205,0.51300,0.37317,0.10133,
0.00000,0.58709,0.58709,0.29355,0.51540,0.37441,0.10498,
0.00000,0.59008,0.59008,0.29504,0.51781,0.37566,0.10863,
0.00000,0.59307,0.59307,0.29653,0.52022,0.37691,0.11229,
0.00000,0.59606,0.59606,0.29803,0.52264,0.37816,0.11595,
0.00000,0.59905,0.59905,0.29953,0.52505,0.37941,0.11962,
0.00000,0.60205,0.60205,0.30103,0.52747,0.38066,0.12329,
0.00000,0.60505,0.60505,0.30253,0.52989,0.38192,0.12696,
0.00000,0.60805,0.60805,0.30403,0.53231,0.38317,0.13063,
0.00000,0.61106,0.61106,0.30553,0.53474,0.38443,0.13431,
0.00000,0.61407,0.61407,0.30703,0.53717,0.38568,0.13800,
0.00000,0.61708,0.61708,0.30854,0.53960,0.38694,0.14168,
0.00000,0.62009,0.62009,0.31005,0.54203,0.38820,0.14537,
0.00000,0.62311,0.62311,0.31156,0.54446,0.38946,0.14906,
0.00000,0.62613,0.62613,0.31306,0.54690,0.39072,0.15276,
0.00000,0.62915,0.62915,0.31458,0.54933,0.39198,0.15646,
0.00000,0.63217,0.63217,0.31609,0.55177,0.39325,0.16016,
0.00000,0.63520,0.63520,0.31760,0.55421,0.39451,0.16386,
0.00000,0.63823,0.63823,0.31911,0.55666,0.39578,0.16757,
0.00000,0.64126,0.64126,0.32063,0.55910,0.39704,0.17128,
0.00000,0.64429,0.64429,0.32215,0.56155,0.39831,0.17499,
0.00000,0.64733,0.64733,0.32366,0.56400,0.39958,0.17870,
0.00000,0.65037,0.65037,0.32518,0.56645,0.40085,0.18242,
0.00000,0.65340,0.65340,0.32670,0.56890,0.40212,0.18614,
0.00000,0.65645,0.65645,0.32822,0.57135,0.40339,0.18986,
0.00000,0.65949,0.65949,0.32974,0.57381,0.40466,0.19359,
0.00000,0.66253,0.66253,0.33127,0.57627,0.40593,0.19732,
0.00000,0.66558,0.66558,0.33279,0.57872,0.40721,0.20105,
0.00000,0.66863,0.66863,0.33432,0.58118,0.40848,0.20478,
0.00000,0.67168,0.67168,0.33584,0.58364,0.40975,0.20851,
0.00000,0.67473,0.67473,0.33737,0.58611,0.41103,0.21225,
0.00000,0.67779,0.67779,0.33889,0.58857,0.41231,0.21599,
0.00000,0.68084,0.68084,0.34042,0.59104,0.41358,0.21973,
0.00000,0.68390,0.68390,0.34195,0.59350,0.41486,0.22347,
0.00000,0.68696,0.68696,0.34348,0.59597,0.41614,0.22721,
0.00000,0.69002,0.69002,0.34501,0.59844,0.41742,0.23096,
0.00000,0.69308,0.69308,0.34654,0.60091,0.41870,0.23471,
0.00000,0.69615,0.69615,0.34807,0.60338,0.41998,0.23846,
0.00000,0.69921,0.69921,0.34961,0.60586,0.42126,0.24221,
0.00000,0.70228,0.70228,0.35114,0.60833,0.42254,0.24596,
0.00000,0.70535,0.70535,0.35267,0.61080,0.42382,0.24972,
0.00000,0.70842,0.70842,0.35421,0.61328,0.42510,0.25347,
0.00000,0.71149,0.71149,0.35574,0.61576,0.42638,0.25723,
0.00000,0.71456,0.71456,0.35728,0.61823,0.42767,0.26099,
0.00000,0.71763,0.71763,0.35881,0.62071,0.42895,0.26475,
0.00000,0.72070,0.72070,0.36035,0.62319,0.43023,0.26851,
0.00000,0.72378,0.72378,0.36189,0.62567,0.43152,0.27227,
0.00000,0.72685,0.72685,0.36343,0.62815,0.43280,0.27604,
0.00000,0.72993,0.72993,0.36496,0.63063,0.43409,0.27980,
0.00000,0.73300,0.73300,0.36650,0.63312,0.43537,0.28357,
0.00000,0.73608,0.73608,0.36804,0.63560,0.43666,0.28734,
0.00000,0.73916,0.73916,0.36958,0.63808,0.43795,0.29110,
0.00000,0.74224,0.74224,0.37112,0.64057,0.43923,0.29487,
0.00000,0.74532,0.74532,0.37266,0.64305,0.44052,0.29864,
0.00000,0.74840,0.74840,0.37420,0.64554,0.44181,0.30241,
0.00000,0.75148,0.75148,0.37574,0.64802,0.44309,0.30618,
0.00000,0.75456,0.75456,0.37728,0.65051,0.44438,0.30996,
0.00000,0.75765,0.75765,0.37882,0.65300,0.44567,0.31373,
0.00000,0.76073,0.76073,0.38036,0.65548,0.44696,0.31750,
0.00000,0.76381,0.76381,0.38191,0.65797,0.44824,0.32127,
0.00000,0.76689,0.76689,0.38345,0.66046,0.44953,0.32505,
0.00000,0.76998,0.76998,0.38499,0.66294,0.45082,0.32882,
0.00000,0.77306,0.77306,0.38653,0.66543,0.45211,0.33260,
0.00000,0.77615,0.77615,0.38807,0.66792,0.45340,0.33637,
0.00000,0.77923,0.77923,0.38961,0.67041,0.45469,0.34015,
0.00000,0.78231,0.78231,0.39116,0.67290,0.45598,0.34392,
0.00000,0.78540,0.78540,0.39270,0.67538,0.45726,0.34770,
0.00000,0.78848,0.78848,0.39424,0.67787,0.45855,0.35147,
0.00000,0.79157,0.79157,0.39578,0.68036,0.45984,0.35525,
0.00000,0.79465,0.79465,0.39733,0.68285,0.46113,0.35902,
0.00000,0.79773,0.79773,0.39887,0.68534,0.46242,0.36280,
0.00000,0.80082,0.80082,0.40041,0.68782,0.46371,0.36657,
0.00000,0.80390,0.80390,0.40195,0.69031,0.46499,0.37034,
0.00000,0.80699,0.80699,0.40349,0.69280,0.46628,0.37412,
0.00000,0.81007,0.81007,0.40503,0.69529,0.46757,0.37789,
0.00000,0.81315,0.81315,0.40658,0.69777,0.46886,0.38166,
0.00000,0.81623,0.81623,0.40812,0.70026,0.47015,0.38544,
0.00000,0.81931,0.81931,0.40966,0.70275,0.47143,0.38921,
0.00000,0.82240,0.82240,0.41120,0.70523,0.47272,0.39298,
0.00000,0.82548,0.82548,0.41274,0.70772,0.47401,0.39675,
0.00000,0.82856,0.82856,0.41428,0.71020,0.47529,0.40052,
0.00000,0.83164,0.83164,0.41582,0.71269,0.47658,0.40429,
0.00000,0.83471,0.83471,0.41736,0.71517,0.47787,0.40806,
0.00000,0.83779,0.83779,0.41890,0.71765,0.47915,0.41182,
0.00000,0.84087,0.84087,0.42043,0.72013,0.48044,0.41559,
0.00000,0.84394,0.84394,0.42197,0.72262,0.48172,0.41936,
0.00000,0.84702,0.84702,0.42351,0.72510,0.48301,0.42312,
0.00000,0.85009,0.85009,0.42505,0.72758,0.48429,0.42688,
0.00000,0.85317,0.85317,0.42658,0.73006,0.48558,0.43064,
0.00000,0.85624,0.85624,0.42812,0.73254,0.48686,0.43440,
0.00000,0.85931,0.85931,0.42966,0.73501,0.48814,0.43816,
0.00000,0.86238,0.86238,0.43119,0.73749,0.48943,0.44192,
0.00000,0.86545,0.86545,0.43272,0.73997,0.49071,0.44568,
0.00000,0.86852,0.86852,0.43426,0.74244,0.49199,0.44943,
0.00000,0.87158,0.87158,0.43579,0.74491,0.49327,0.45318,
0.00000,0.87465,0.87465,0.43732,0.74739,0.49455,0.45694,
0.00000,0.87771,0.87771,0.43886,0.74986,0.49583,0.46069,
0.00000,0.88077,0.88077,0.44039,0.75233,0.49711,0.46443,
0.00000,0.88383,0.88383,0.44192,0.75480,0.49839,0.46818,
0.00000,0.88689,0.88689,0.44345,0.75727,0.49967,0.47192,
0.00000,0.88995,0.88995,0.44498,0.75973,0.50095,0.47567,
0.00000,0.89301,0.89301,0.44650,0.76220,0.50222,0.47941,
0.00000,0.89606,0.89606,0.44803,0.76466,0.50350,0.48315,
0.00000,0.89911,0.89911,0.44956,0.76712,0.50477,0.48688,
0.00000,0.90217,0.90217,0.45108,0.76959,0.50605,0.49062,
0.00000,0.90521,0.90521,0.45261,0.77204,0.50732,0.49435,
0.00000,0.90826,0.90826,0.45413,0.77450,0.50860,0.49808,
0.00000,0.91131,0.91131,0.45565,0.77696,0.50987,0.50180,
0.00000,0.91435,0.91435,0.45718,0.77942,0.51114,0.50553,
0.00000,0.91739,0.91739,0.45870,0.78187,0.51241,0.50925,
0.00000,0.92043,0.92043,0.46022,0.78432,0.51368,0.51297,
0.00000,0.92347,0.92347,0.46173,0.78677,0.51495,0.51669,
0.00000,0.92650,0.92650,0.46325,0.78922,0.51622,0.52040,
0.00000,0.92954,0.92954,0.46477,0.79167,0.51748,0.52412,
0.00000,0.93257,0.93257,0.46628,0.79411,0.51875,0.52783,
0.00000,0.93560,0.93560,0.46780,0.79655,0.52002,0.53153,
0.00000,0.93862,0.93862,0.46931,0.79900,0.52128,0.53524,
0.00000,0.94165,0.94165,0.47082,0.80144,0.52254,0.53894,
0.00000,0.94467,0.94467,0.47233,0.80387,0.52381,0.54264,
0.00000,0.94769,0.94769,0.47384,0.80631,0.52507,0.54633,
0.00000,0.95070,0.95070,0.47535,0.80874,0.52633,0.55002,
0.00000,0.95372,0.95372,0.47686,0.81117,0.52759,0.55371,
0.00000,0.95673,0.95673,0.47836,0.81360,0.52884,0.55740,
0.00000,0.95974,0.95974,0.47987,0.81603,0.53010,0.56108,
0.00000,0.96274,0.96274,0.48137,0.81845,0.53136,0.56476,
0.00000,0.96575,0.96575,0.48287,0.82088,0.53261,0.56844,
0.00000,0.96875,0.96875,0.48437,0.82330,0.53387,0.57211,
0.00000,0.97174,0.97174,0.48587,0.82572,0.53512,0.57578,
0.00000,0.97474,0.97474,0.48737,0.82813,0.53637,0.57944,
0.00000,0.97773,0.97773,0.48886,0.83055,0.53762,0.58310,
0.00000,0.98072,0.98072,0.49036,0.83296,0.53887,0.58676,
0.00000,0.98370,0.98370,0.49185,0.83537,0.54011,0.59042,
0.00000,0.98669,0.98669,0.49334,0.83777,0.54136,0.59407,
0.00000,0.98967,0.98967,0.49483,0.84018,0.54261,0.59771,
0.00000,0.99264,0.99264,0.49632,0.84258,0.54385,0.60136,
0.00000,0.99562,0.99562,0.49781,0.84498,0.54509,0.60500,
0.00000,0.99859,0.99859,0.49929,0.84737,0.54633,0.60863,
0.00000,1.00155,1.00155,0.50078,0.84977,0.54757,0.61226,
0.00000,1.00452,1.00452,0.50226,0.85216,0.54881,0.61589,
0.00000,1.00748,1.00748,0.50374,0.85454,0.55005,0.61951,
0.00000,1.01043,1.01043,0.50522,0.85693,0.55128,0.62313,
0.00000,1.01339,1.01339,0.50669,0.85931,0.55252,0.62675,
0.00000,1.01634,1.01634,0.50817,0.86169,0.55375,0.63036,
0.00000,1.01928,1.01928,0.50964,0.86407,0.55498,0.63396,
0.00000,1.02223,1.02223,0.51111,0.86644,0.55621,0.63757,
0.00000,1.02516,1.02516,0.51258,0.86881,0.55744,0.64116,
0.00000,1.02810,1.02810,0.51405,0.87118,0.55866,0.64475,
0.00000,1.03103,1.03103,0.51552,0.87355,0.55989,0.64834,
0.00000,1.03396,1.03396,0.51698,0.87591,0.56111,0.65193,
0.00000,1.03688,1.03688,0.51844,0.87827,0.56233,0.65550,
0.00000,1.03980,1.03980,0.51990,0.88062,0.56355,0.65908,
0.00000,1.04272,1.04272,0.52136,0.88297,0.56477,0.66265,
0.00000,1.04563,1.04563,0.52282,0.88532,0.56599,0.66621,
0.00000,1.04854,1.04854,0.52427,0.88767,0.56720,0.66977,
0.00000,1.05144,1.05144,0.52572,0.89001,0.56842,0.67333,
0.00000,1.05434,1.05434,0.52717,0.89235,0.56963,0.67687,
0.00000,1.05724,1.05724,0.52862,0.89469,0.57084,0.68042,
0.00000,1.06013,1.06013,0.53006,0.89702,0.57204,0.68396,
0.00000,1.06302,1.06302,0.53151,0.89935,0.57325,0.68749,
0.00000,1.06590,1.06590,0.53295,0.90168,0.57446,0.69102,
0.00000,1.06878,1.06878,0.53439,0.90400,0.57566,0.69454,
0.00000,1.07165,1.07165,0.53583,0.90632,0.57686,0.69806,
0.00000,1.07452,1.07452,0.53726,0.90863,0.57806,0.70157,
0.00000,1.07739,1.07739,0.53869,0.91094,0.57926,0.70508,
0.00000,1.08025,1.08025,0.54012,0.91325,0.58045,0.70858,
0.00000,1.08311,1.08311,0.54155,0.91556,0.58164,0.71208,
0.00000,1.08596,1.08596,0.54298,0.91786,0.58284,0.71557,
0.00000,1.08880,1.08880,0.54440,0.92015,0.58402,0.71906,
0.00000,1.09165,1.09165,0.54582,0.92245,0.58521,0.72253,
0.00000,1.09448,1.09448,0.54724,0.92474,0.58640,0.72601,
0.00000,1.09732,1.09732,0.54866,0.92702,0.58758,0.72948,
0.00000,1.10015,1.10015,0.55007,0.92930,0.58876,0.73294,
0.00000,1.10297,1.10297,0.55148,0.93158,0.58994,0.73639,
0.00000,1.10579,1.10579,0.55289,0.93386,0.59112,0.73984,
0.00000,1.10860,1.10860,0.55430,0.93613,0.59230,0.74329,
0.00000,1.11141,1.11141,0.55570,0.93839,0.59347,0.74672,
0.00000,1.11421,1.11421,0.55711,0.94065,0.59464,0.75015,
0.00000,1.11701,1.11701,0.55851,0.94291,0.59581,0.75358,
0.00000,1.11980,1.11980,0.55990,0.94516,0.59698,0.75700,
0.00000,1.12259,1.12259,0.56130,0.94741,0.59814,0.76041,
0.00000,1.12538,1.12538,0.56269,0.94966,0.59930,0.76382,
0.00000,1.12815,1.12815,0.56408,0.95190,0.60046,0.76722,
0.00000,1.13093,1.13093,0.56546,0.95414,0.60162,0.77061,
0.00000,1.13369,1.13369,0.56685,0.95637,0.60278,0.77400,
0.00000,1.13645,1.13645,0.56823,0.95860,0.60393,0.77738,
0.00000,1.13921,1.13921,0.56961,0.96082,0.60508,0.78075,
0.00000,1.14196,1.14196,0.57098,0.96304,0.60623,0.78412,
0.00000,1.14471,1.14471,0.57235,0.96525,0.60738,0.78748,
0.00000,1.14745,1.14745,0.57372,0.96746,0.60853,0.79083,
0.00000,1.15018,1.15018,0.57509,0.96967,0.60967,0.79418,
0.00000,1.15291,1.15291,0.57645,0.97187,0.61081,0.79752,
0.00000,1.15563,1.15563,0.57782,0.97407,0.61195,0.80085,
0.00000,1.15835,1.15835,0.57917,0.97626,0.61308,0.80418,
0.00000,1.16106,1.16106,0.58053,0.97845,0.61421,0.80749,
0.00000,1.16377,1.16377,0.58188,0.98063,0.61534,0.81081,
0.00000,1.16647,1.16647,0.58323,0.98281,0.61647,0.81411,
0.00000,1.16916,1.16916,0.58458,0.98498,0.61760,0.81741,
0.00000,1.17185,1.17185,0.58592,0.98715,0.61872,0.82070,
0.00000,1.17453,1.17453,0.58727,0.98931,0.61984,0.82398,
0.00000,1.17721,1.17721,0.58860,0.99147,0.62096,0.82726,
0.00000,1.17988,1.17988,0.58994,0.99363,0.62207,0.83052,
0.00000,1.18254,1.18254,0.59127,0.99578,0.62319,0.83379,
0.00000,1.18520,1.18520,0.59260,0.99792,0.62430,0.83704,
0.00000,1.18785,1.18785,0.59393,1.00006,0.62541,0.84028,
0.00000,1.19050,1.19050,0.59525,1.00219,0.62651,0.84352,
0.00000,1.19313,1.19313,0.59657,1.00432,0.62761,0.84675,
0.00000,1.19577,1.19577,0.59788,1.00645,0.62871,0.84997,
0.00000,1.19839,1.19839,0.59920,1.00857,0.62981,0.85319,
0.00000,1.20101,1.20101,0.60051,1.01068,0.63091,0.85640,
0.00000,1.20363,1.20363,0.60181,1.01279,0.63200,0.85960,
0.00000,1.20624,1.20624,0.60312,1.01489,0.63309,0.86279,
0.00000,1.20884,1.20884,0.60442,1.01699,0.63417,0.86597,
0.00000,1.21143,1.21143,0.60572,1.01908,0.63526,0.86915,
0.00000,1.21402,1.21402,0.60701,1.02117,0.63634,0.87231,
0.00000,1.21660,1.21660,0.60830,1.02325,0.63742,0.87547,
0.00000,1.21917,1.21917,0.60959,1.02533,0.63849,0.87862,
0.00000,1.22174,1.22174,0.61087,1.02740,0.63957,0.88177,
0.00000,1.22430,1.22430,0.61215,1.02947,0.64064,0.88490,
0.00000,1.22686,1.22686,0.61343,1.03153,0.64170,0.88803,
0.00000,1.22940,1.22940,0.61470,1.03358,0.64277,0.89115,
0.00000,1.23195,1.23195,0.61597,1.03563,0.64383,0.89426,
0.00000,1.23448,1.23448,0.61724,1.03768,0.64489,0.89736,
0.00000,1.23701,1.23701,0.61850,1.03971,0.64594,0.90045,
0.00000,1.23953,1.23953,0.61976,1.04175,0.64700,0.90353,
0.00000,1.24204,1.24204,0.62102,1.04378,0.64805,0.90661,
0.00000,1.24454,1.24454,0.62227,1.04580,0.64909,0.90968,
0.00000,1.24704,1.24704,0.62352,1.04781,0.65014,0.91273,
0.00000,1.24954,1.24954,0.62477,1.04982,0.65118,0.91578,
0.00000,1.25202,1.25202,0.62601,1.05183,0.65222,0.91883,
0.00000,1.25450,1.25450,0.62725,1.05383,0.65325,0.92186,
0.00000,1.25697,1.25697,0.62848,1.05582,0.65428,0.92488,
0.00000,1.25943,1.25943,0.62971,1.05781,0.65531,0.92790,
0.00000,1.26189,1.26189,0.63094,1.05979,0.65634,0.93090,
0.00000,1.26433,1.26433,0.63217,1.06176,0.65736,0.93390,
0.00000,1.26677,1.26677,0.63339,1.06373,0.65838,0.93688,
0.00000,1.26921,1.26921,0.63460,1.06569,0.65940,0.93986,
0.00000,1.27163,1.27163,0.63582,1.06765,0.66041,0.94283,
0.00000,1.27405,1.27405,0.63703,1.06960,0.66142,0.94579,
0.00000,1.27646,1.27646,0.63823,1.07155,0.66243,0.94874,
0.00000,1.27887,1.27887,0.63943,1.07348,0.66343,0.95168,
0.00000,1.28126,1.28126,0.64063,1.07542,0.66443,0.95462,
0.00000,1.28365,1.28365,0.64182,1.07734,0.66543,0.95754,
0.00000,1.28603,1.28603,0.64301,1.07926,0.66642,0.96045,
0.00000,1.28840,1.28840,0.64420,1.08118,0.66742,0.96336,
0.00000,1.29077,1.29077,0.64538,1.08309,0.66840,0.96625,
0.00000,1.29312,1.29312,0.64656,1.08499,0.66939,0.96914,
0.00000,1.29547,1.29547,0.64774,1.08688,0.67037,0.97201,
0.00000,1.29781,1.29781,0.64891,1.08877,0.67135,0.97488,
0.00000,1.30015,1.30015,0.65007,1.09065,0.67232,0.97773,
0.00000,1.30247,1.30247,0.65124,1.09253,0.67329,0.98058,
0.00000,1.30479,1.30479,0.65240,1.09440,0.67426,0.98342,
0.00000,1.30710,1.30710,0.65355,1.09626,0.67523,0.98624,
0.00000,1.30940,1.30940,0.65470,1.09812,0.67619,0.98906,
0.00000,1.31170,1.31170,0.65585,1.09997,0.67715,0.99187,
0.00000,1.31398,1.31398,0.65699,1.10181,0.67810,0.99466,
0.00000,1.31626,1.31626,0.65813,1.10365,0.67905,0.99745,
0.00000,1.31853,1.31853,0.65926,1.10548,0.68000,1.00023,
0.00000,1.32079,1.32079,0.66039,1.10730,0.68095,1.00300,
0.00000,1.32304,1.32304,0.66152,1.10912,0.68189,1.00575,
0.00000,1.32528,1.32528,0.66264,1.11093,0.68282,1.00850,
0.00000,1.32752,1.32752,0.66376,1.11274,0.68376,1.01124,
0.00000,1.32975,1.32975,0.66487,1.11453,0.68469,1.01396,
0.00000,1.33197,1.33197,0.66598,1.11632,0.68562,1.01668,
0.00000,1.33418,1.33418,0.66709,1.11811,0.68654,1.01938,
0.00000,1.33638,1.33638,0.66819,1.11988,0.68746,1.02208,
0.00000,1.33857,1.33857,0.66929,1.12165,0.68838,1.02476,
0.00000,1.34076,1.34076,0.67038,1.12342,0.68929,1.02744,
0.00000,1.34294,1.34294,0.67147,1.12517,0.69020,1.03010,
0.00000,1.34510,1.34510,0.67255,1.12692,0.69110,1.03276,
0.00000,1.34726,1.34726,0.67363,1.12866,0.69201,1.03540,
0.00000,1.34941,1.34941,0.67471,1.13040,0.69291,1.03803,
0.00000,1.35156,1.35156,0.67578,1.13213,0.69380,1.04065,
0.00000,1.35369,1.35369,0.67684,1.13385,0.69469,1.04326,
0.00000,1.35581,1.35581,0.67791,1.13556,0.69558,1.04586,
0.00000,1.35793,1.35793,0.67896,1.13727,0.69646,1.04845,
0.00000,1.36004,1.36004,0.68002,1.13897,0.69734,1.05103,
0.00000,1.36213,1.36213,0.68107,1.14066,0.69822,1.05360,
0.00000,1.36422,1.36422,0.68211,1.14235,0.69909,1.05616,
0.00000,1.36630,1.36630,0.68315,1.14402,0.69996,1.05870,
0.00000,1.36837,1.36837,0.68419,1.14569,0.70083,1.06124,
0.00000,1.37044,1.37044,0.68522,1.14736,0.70169,1.06376,
0.00000,1.37249,1.37249,0.68624,1.14902,0.70255,1.06628,
0.00000,1.37453,1.37453,0.68727,1.15066,0.70340,1.06878,
0.00000,1.37657,1.37657,0.68828,1.15231,0.70425,1.07127,
0.00000,1.37860,1.37860,0.68930,1.15394,0.70510,1.07375,
0.00000,1.38061,1.38061,0.69031,1.15557,0.70594,1.07622,
0.00000,1.38262,1.38262,0.69131,1.15719,0.70678,1.07868,
0.00000,1.38462,1.38462,0.69231,1.15880,0.70761,1.08112,
0.00000,1.38661,1.38661,0.69330,1.16040,0.70845,1.08356,
0.00000,1.38859,1.38859,0.69429,1.16200,0.70927,1.08598,
0.00000,1.39056,1.39056,0.69528,1.16359,0.71010,1.08839,
0.00000,1.39252,1.39252,0.69626,1.16517,0.71092,1.09079,
0.00000,1.39447,1.39447,0.69724,1.16675,0.71173,1.09318,
0.00000,1.39641,1.39641,0.69821,1.16832,0.71254,1.09556,
0.00000,1.39835,1.39835,0.69917,1.16987,0.71335,1.09792,
0.00000,1.40027,1.40027,0.70014,1.17143,0.71415,1.10028,
0.00000,1.40218,1.40218,0.70109,1.17297,0.71495,1.10262,
0.00000,1.40409,1.40409,0.70204,1.17451,0.71575,1.10495,
0.00000,1.40598,1.40598,0.70299,1.17604,0.71654,1.10727,
0.00000,1.40787,1.40787,0.70394,1.17756,0.71733,1.10958,
0.00000,1.40975,1.40975,0.70487,1.17907,0.71811,1.11188,
0.00000,1.41161,1.41161,0.70581,1.18058,0.71889,1.11416,
0.00000,1.41347,1.41347,0.70673,1.18207,0.71967,1.11643,
0.00000,1.41532,1.41532,0.70766,1.18356,0.72044,1.11869,
0.00000,1.41715,1.41715,0.70858,1.18505,0.72121,1.12094,
0.00000,1.41898,1.41898,0.70949,1.18652,0.72197,1.12318,
0.00000,1.42080,1.42080,0.71040,1.18799,0.72273,1.12540,
0.00000,1.42261,1.42261,0.71130,1.18945,0.72349,1.12762,
0.00000,1.42440,1.42440,0.71220,1.19090,0.72424,1.12982,
0.00000,1.42619,1.42619,0.71310,1.19234,0.72498,1.13201,
0.00000,1.42797,1.42797,0.71399,1.19377,0.72573,1.13418,
0.00000,1.42974,1.42974,0.71487,1.19520,0.72647,1.13635,
0.00000,1.43150,1.43150,0.71575,1.19662,0.72720,1.13850,
0.00000,1.43325,1.43325,0.71662,1.19803,0.72793,1.14064,
0.00000,1.43499,1.43499,0.71749,1.19943,0.72866,1.14277,
0.00000,1.43671,1.43671,0.71836,1.20083,0.72938,1.14489,
0.00000,1.43843,1.43843,0.71922,1.20221,0.73010,1.14699,
0.00000,1.44014,1.44014,0.72007,1.20359,0.73081,1.14908,
0.00000,1.44184,1.44184,0.72092,1.20496,0.73152,1.15116,
0.00000,1.44353,1.44353,0.72176,1.20632,0.73223,1.15322,
0.00000,1.44521,1.44521,0.72260,1.20768,0.73293,1.15528,
0.00000,1.44687,1.44687,0.72344,1.20902,0.73362,1.15732,
0.00000,1.44853,1.44853,0.72427,1.21036,0.73432,1.15935,
0.00000,1.45018,1.45018,0.72509,1.21169,0.73501,1.16137,
0.00000,1.45182,1.45182,0.72591,1.21301,0.73569,1.16337,
0.00000,1.45344,1.45344,0.72672,1.21432,0.73637,1.16536,
0.00000,1.45506,1.45506,0.72753,1.21563,0.73704,1.16734,
0.00000,1.45667,1.45667,0.72833,1.21692,0.73772,1.16931,
0.00000,1.45826,1.45826,0.72913,1.21821,0.73838,1.17126,
0.00000,1.45985,1.45985,0.72992,1.21949,0.73904,1.17320,
0.00000,1.46142,1.46142,0.73071,1.22076,0.73970,1.17513,
0.00000,1.46299,1.46299,0.73149,1.22202,0.74036,1.17704,
0.00000,1.46454,1.46454,0.73227,1.22328,0.74101,1.17895,
0.00000,1.46609,1.46609,0.73304,1.22452,0.74165,1.18084,
0.00000,1.46762,1.46762,0.73381,1.22576,0.74229,1.18271,
0.00000,1.46914,1.46914,0.73457,1.22699,0.74293,1.18458,
0.00000,1.47065,1.47065,0.73533,1.22821,0.74356,1.18643,
0.00000,1.47216,1.47216,0.73608,1.22942,0.74419,1.18827,
0.00000,1.47365,1.47365,0.73682,1.23062,0.74481,1.19009,
0.00000,1.47513,1.47513,0.73756,1.23182,0.74543,1.19190,
0.00000,1.47660,1.47660,0.73830,1.23300,0.74604,1.19370,
0.00000,1.47806,1.47806,0.73903,1.23418,0.74665,1.19549,
0.00000,1.47951,1.47951,0.73975,1.23535,0.74726,1.19726,
0.00000,1.48094,1.48094,0.74047,1.23651,0.74786,1.19902,
0.00000,1.48237,1.48237,0.74119,1.23766,0.74845,1.20077,
0.00000,1.48379,1.48379,0.74189,1.23880,0.74905,1.20250,
0.00000,1.48519,1.48519,0.74260,1.23994,0.74963,1.20422,
0.00000,1.48659,1.48659,0.74329,1.24106,0.75022,1.20593,
0.00000,1.48797,1.48797,0.74399,1.24218,0.75079,1.20762,
0.00000,1.48935,1.48935,0.74467,1.24329,0.75137,1.20930,
0.00000,1.49071,1.49071,0.74535,1.24439,0.75194,1.21097,
0.00000,1.49206,1.49206,0.74603,1.24548,0.75250,1.21262,
0.00000,1.49340,1.49340,0.74670,1.24656,0.75306,1.21427,
0.00000,1.49473,1.49473,0.74736,1.24763,0.75362,1.21589,
0.00000,1.49605,1.49605,0.74802,1.24869,0.75417,1.21751,
0.00000,1.49736,1.49736,0.74868,1.24975,0.75472,1.21911,
0.00000,1.49865,1.49865,0.74933,1.25080,0.75526,1.22069,
0.00000,1.49994,1.49994,0.74997,1.25183,0.75579,1.22227,
0.00000,1.50121,1.50121,0.75061,1.25286,0.75633,1.22383,
0.00000,1.50248,1.50248,0.75124,1.25388,0.75685,1.22538,
0.00000,1.50373,1.50373,0.75186,1.25489,0.75738,1.22691,
0.00000,1.50497,1.50497,0.75249,1.25589,0.75790,1.22843,
0.00000,1.50620,1.50620,0.75310,1.25689,0.75841,1.22993,
0.00000,1.50742,1.50742,0.75371,1.25787,0.75892,1.23143,
0.00000,1.50863,1.50863,0.75431,1.25884,0.75942,1.23291,
0.00000,1.50983,1.50983,0.75491,1.25981,0.75992,1.23437,
0.00000,1.51101,1.51101,0.75551,1.26077,0.76042,1.23582,
0.00000,1.51219,1.51219,0.75609,1.26171,0.76091,1.23726,
0.00000,1.51335,1.51335,0.75667,1.26265,0.76140,1.23868,
0.00000,1.51450,1.51450,0.75725,1.26358,0.76188,1.24009,
0.00000,1.51564,1.51564,0.75782,1.26450,0.76236,1.24149,
0.00000,1.51677,1.51677,0.75839,1.26541,0.76283,1.24287,
0.00000,1.51789,1.51789,0.75895,1.26632,0.76329,1.24424,
0.00000,1.51900,1.51900,0.75950,1.26721,0.76376,1.24560,
0.00000,1.52009,1.52009,0.76005,1.26809,0.76422,1.24694,
0.00000,1.52118,1.52118,0.76059,1.26897,0.76467,1.24827,
0.00000,1.52225,1.52225,0.76113,1.26983,0.76512,1.24958,
0.00000,1.52331,1.52331,0.76166,1.27069,0.76556,1.25088,
0.00000,1.52436,1.52436,0.76218,1.27154,0.76600,1.25217,
0.00000,1.52540,1.52540,0.76270,1.27238,0.76643,1.25344,
0.00000,1.52643,1.52643,0.76322,1.27321,0.76686,1.25470,
0.00000,1.52745,1.52745,0.76372,1.27403,0.76729,1.25594,
0.00000,1.52845,1.52845,0.76423,1.27484,0.76771,1.25717,
0.00000,1.52945,1.52945,0.76472,1.27564,0.76812,1.25838,
0.00000,1.53043,1.53043,0.76521,1.27643,0.76853,1.25959,
0.00000,1.53140,1.53140,0.76570,1.27721,0.76894,1.26077,
0.00000,1.53236,1.53236,0.76618,1.27799,0.76934,1.26195,
0.00000,1.53330,1.53330,0.76665,1.27875,0.76973,1.26311,
0.00000,1.53424,1.53424,0.76712,1.27950,0.77012,1.26425,
0.00000,1.53516,1.53516,0.76758,1.28025,0.77051,1.26538,
0.00000,1.53608,1.53608,0.76804,1.28099,0.77089,1.26650,
0.00000,1.53698,1.53698,0.76849,1.28171,0.77127,1.26760,
0.00000,1.53787,1.53787,0.76893,1.28243,0.77164,1.26869,
0.00000,1.53874,1.53874,0.76937,1.28314,0.77201,1.26977,
0.00000,1.53961,1.53961,0.76981,1.28384,0.77237,1.27083,
0.00000,1.54047,1.54047,0.77023,1.28453,0.77273,1.27187,
0.00000,1.54131,1.54131,0.77065,1.28521,0.77308,1.27291,
0.00000,1.54214,1.54214,0.77107,1.28588,0.77343,1.27392,
0.00000,1.54296,1.54296,0.77148,1.28654,0.77377,1.27493,
0.00000,1.54377,1.54377,0.77188,1.28719,0.77411,1.27591,
0.00000,1.54456,1.54456,0.77228,1.28783,0.77444,1.27689,
0.00000,1.54535,1.54535,0.77267,1.28847,0.77477,1.27785,
0.00000,1.54612,1.54612,0.77306,1.28909,0.77509,1.27880,
0.00000,1.54688,1.54688,0.77344,1.28970,0.77541,1.27973,
0.00000,1.54763,1.54763,0.77382,1.29031,0.77572,1.28064,
0.00000,1.54837,1.54837,0.77418,1.29090,0.77603,1.28155,
0.00000,1.54910,1.54910,0.77455,1.29149,0.77633,1.28244,
0.00000,1.54981,1.54981,0.77490,1.29207,0.77663,1.28331,
0.00000,1.55051,1.55051,0.77526,1.29263,0.77692,1.28417,
0.00000,1.55120,1.55120,0.77560,1.29319,0.77721,1.28501,
0.00000,1.55188,1.55188,0.77594,1.29374,0.77750,1.28585,
0.00000,1.55255,1.55255,0.77627,1.29428,0.77777,1.28666,
0.00000,1.55320,1.55320,0.77660,1.29480,0.77805,1.28746,
0.00000,1.55385,1.55385,0.77692,1.29532,0.77832,1.28825,
0.00000,1.55448,1.55448,0.77724,1.29583,0.77858,1.28902,
0.00000,1.55510,1.55510,0.77755,1.29633,0.77884,1.28978,
0.00000,1.55571,1.55571,0.77785,1.29682,0.77909,1.29053,
0.00000,1.55630,1.55630,0.77815,1.29730,0.77934,1.29126,
0.00000,1.55688,1.55688,0.77844,1.29777,0.77959,1.29197,
0.00000,1.55746,1.55746,0.77873,1.29824,0.77982,1.29267,
0.00000,1.55802,1.55802,0.77901,1.29869,0.78006,1.29336,
0.00000,1.55856,1.55856,0.77928,1.29913,0.78029,1.29403,
0.00000,1.55910,1.55910,0.77955,1.29956,0.78051,1.29468,
0.00000,1.55963,1.55963,0.77981,1.29999,0.78073,1.29532,
0.00000,1.56014,1.56014,0.78007,1.30040,0.78095,1.29595,
0.00000,1.56064,1.56064,0.78032,1.30080,0.78115,1.29656,
0.00000,1.56113,1.56113,0.78056,1.30120,0.78136,1.29716,
0.00000,1.56160,1.56160,0.78080,1.30158,0.78156,1.29774,
0.00000,1.56207,1.56207,0.78103,1.30196,0.78175,1.29831,
0.00000,1.56252,1.56252,0.78126,1.30232,0.78194,1.29887,
0.00000,1.56296,1.56296,0.78148,1.30268,0.78212,1.29941,
0.00000,1.56339,1.56339,0.78169,1.30302,0.78230,1.29993,
0.00000,1.56381,1.56381,0.78190,1.30336,0.78248,1.30044,
0.00000,1.56421,1.56421,0.78211,1.30368,0.78265,1.30094,
0.00000,1.56460,1.56460,0.78230,1.30400,0.78281,1.30142,
0.00000,1.56498,1.56498,0.78249,1.30431,0.78297,1.30188,
0.00000,1.56535,1.56535,0.78268,1.30461,0.78312,1.30233,
0.00000,1.56571,1.56571,0.78285,1.30489,0.78327,1.30277,
0.00000,1.56605,1.56605,0.78303,1.30517,0.78342,1.30319,
0.00000,1.56639,1.56639,0.78319,1.30544,0.78356,1.30360,
0.00000,1.56671,1.56671,0.78335,1.30570,0.78369,1.30399,
0.00000,1.56701,1.56701,0.78351,1.30595,0.78382,1.30437,
0.00000,1.56731,1.56731,0.78366,1.30618,0.78394,1.30473,
0.00000,1.56759,1.56759,0.78380,1.30641,0.78406,1.30508,
0.00000,1.56787,1.56787,0.78393,1.30663,0.78417,1.30541,
0.00000,1.56813,1.56813,0.78406,1.30684,0.78428,1.30573,
0.00000,1.56838,1.56838,0.78419,1.30704,0.78439,1.30603,
0.00000,1.56861,1.56861,0.78431,1.30723,0.78449,1.30632,
0.00000,1.56884,1.56884,0.78442,1.30741,0.78458,1.30660,
0.00000,1.56905,1.56905,0.78452,1.30759,0.78467,1.30686,
0.00000,1.56925,1.56925,0.78462,1.30775,0.78475,1.30710,
0.00000,1.56943,1.56943,0.78472,1.30790,0.78483,1.30733,
0.00000,1.56961,1.56961,0.78480,1.30804,0.78490,1.30754,
0.00000,1.56977,1.56977,0.78489,1.30817,0.78497,1.30774,
0.00000,1.56992,1.56992,0.78496,1.30829,0.78503,1.30793,
0.00000,1.57006,1.57006,0.78503,1.30841,0.78509,1.30810,
0.00000,1.57019,1.57019,0.78510,1.30851,0.78515,1.30826,
0.00000,1.57031,1.57031,0.78515,1.30860,0.78519,1.30840,
0.00000,1.57041,1.57041,0.78520,1.30868,0.78524,1.30852,
0.00000,1.57050,1.57050,0.78525,1.30876,0.78527,1.30863,
0.00000,1.57058,1.57058,0.78529,1.30882,0.78531,1.30873,
0.00000,1.57064,1.57064,0.78532,1.30887,0.78533,1.30881,
0.00000,1.57070,1.57070,0.78535,1.30892,0.78536,1.30888,
0.00000,1.57074,1.57074,0.78537,1.30895,0.78538,1.30893,
0.00000,1.57077,1.57077,0.78539,1.30898,0.78539,1.30897,
0.00000,1.57079,1.57079,0.78540,1.30899,0.78540,1.30899,
